26-11-2021,SHAHALLOYS,Smallcap,Metals
26-11-2021,ARROWGREEN,Smallcap,FMCG
26-11-2021,DPSCLTD,Smallcap,Miscellaneous
26-11-2021,TREJHARA,Smallcap,I.T
26-11-2021,WELCORP,Midcap,Metals
26-11-2021,TTML,Largecap,Telecom
26-11-2021,RSYSTEMS,Smallcap,I.T
29-11-2021,RAYMOND,Midcap,Textiles
29-11-2021,PREMIER,Smallcap,FMCG
29-11-2021,SHAHALLOYS,Smallcap,Metals
29-11-2021,ASAL,Smallcap,Auto
29-11-2021,TREJHARA,Smallcap,I.T
29-11-2021,UNIVPHOTO,Smallcap,Miscellaneous
29-11-2021,TTML,Largecap,Telecom
29-11-2021,PILANIINVS,Smallcap,Finance
30-11-2021,SPMLINFRA,Smallcap,Realty
30-11-2021,SHAHALLOYS,Smallcap,Metals
30-11-2021,UNIVPHOTO,Smallcap,Miscellaneous
01-12-2021,DENORA,Smallcap,FMCG
01-12-2021,LYKALABS,Smallcap,Pharmaceuticals
01-12-2021,TALBROAUTO,Smallcap,Auto
01-12-2021,SHAHALLOYS,Smallcap,Metals
01-12-2021,SIRCA,Smallcap,Services
01-12-2021,KDDL,Smallcap,FMCG
01-12-2021,MUKTAARTS,Smallcap,Media
02-12-2021,SHAHALLOYS,Smallcap,Metals
02-12-2021,HBLPOWER,Smallcap,Miscellaneous
02-12-2021,MIRZAINT,Smallcap,FMCG
02-12-2021,KDDL,Smallcap,FMCG
02-12-2021,ISMTLTD,Smallcap,Metals
02-12-2021,MBLINFRA,Smallcap,Realty
02-12-2021,PGEL,Smallcap,FMCG
03-12-2021,DENORA,Smallcap,FMCG
03-12-2021,SHAHALLOYS,Smallcap,Metals
03-12-2021,RIIL,Smallcap,Realty
03-12-2021,NEOGEN,Smallcap,Industrials
03-12-2021,MBLINFRA,Smallcap,Realty
03-12-2021,INOXWIND,Smallcap,FMCG
06-12-2021,WSI,Smallcap,Realty
06-12-2021,ASAL,Smallcap,Auto
06-12-2021,ALPA,Smallcap,Pharmaceuticals
06-12-2021,MBLINFRA,Smallcap,Realty
07-12-2021,HITECHCORP,Smallcap,Services
07-12-2021,LAOPALA,Smallcap,Industrials
07-12-2021,UNIVPHOTO,Smallcap,Miscellaneous
07-12-2021,NDL,Smallcap,Textiles
07-12-2021,PARSVNATH,Smallcap,Realty
07-12-2021,EXPLEOSOL,Smallcap,I.T
07-12-2021,RAMKY,Smallcap,Realty
07-12-2021,LOVABLE,Smallcap,Textiles
08-12-2021,IFCI,Smallcap,Finance
08-12-2021,HCC,Smallcap,Realty
08-12-2021,MOTOGENFIN,Smallcap,Finance
08-12-2021,ANSALHSG,Smallcap,Realty
08-12-2021,ORICONENT,Smallcap,Services
08-12-2021,MAYURUNIQ,Smallcap,FMCG
08-12-2021,RIIL,Smallcap,Realty
08-12-2021,POLYPLEX,Midcap,Services
08-12-2021,HITECHCORP,Smallcap,Services
08-12-2021,LAOPALA,Smallcap,Industrials
08-12-2021,ADROITINFO,Smallcap,I.T
08-12-2021,RAMKY,Smallcap,Realty
08-12-2021,LOVABLE,Smallcap,Textiles
08-12-2021,NECCLTD,Smallcap,Services
09-12-2021,MTNL,Smallcap,Telecom
09-12-2021,GLFL,Smallcap,Finance
09-12-2021,ARENTERP,Smallcap,Industrials
09-12-2021,63MOONS,Smallcap,I.T
09-12-2021,ADROITINFO,Smallcap,I.T
09-12-2021,NEXTMEDIA,Smallcap,Media
09-12-2021,TANTIACONS,Smallcap,Realty
10-12-2021,HCC,Smallcap,Realty
10-12-2021,PREMIER,Smallcap,FMCG
10-12-2021,SIEMENS,Largecap,FMCG
10-12-2021,CAPTRUST,Smallcap,Finance
10-12-2021,MIRZAINT,Smallcap,FMCG
10-12-2021,PBAINFRA,Smallcap,Realty
10-12-2021,TANTIACONS,Smallcap,Realty
10-12-2021,INSPIRISYS,Smallcap,I.T
10-12-2021,NETWORK18,Midcap,Media
10-12-2021,SABEVENTS,Smallcap,Media
13-12-2021,BANARISUG,Smallcap,FMCG
13-12-2021,PREMIER,Smallcap,FMCG
13-12-2021,WSI,Smallcap,Realty
13-12-2021,ANSALHSG,Smallcap,Realty
13-12-2021,CAPTRUST,Smallcap,Finance
13-12-2021,KEYFINSERV,Smallcap,Finance
13-12-2021,INDLMETER,Smallcap,FMCG
13-12-2021,AGROPHOS,Smallcap,Industrials
13-12-2021,TOTAL,Smallcap,Miscellaneous
13-12-2021,AARVI,Smallcap,Miscellaneous
13-12-2021,CREDITACC,Midcap,Finance
13-12-2021,NDTV,Smallcap,Media
13-12-2021,MINDAIND,Largecap,Auto
13-12-2021,KKCL,Smallcap,FMCG
13-12-2021,GTNTEX,Smallcap,Textiles
13-12-2021,ASTEC,Smallcap,Industrials
14-12-2021,RAJSREESUG,Smallcap,FMCG
14-12-2021,PREMIER,Smallcap,FMCG
14-12-2021,ANSALHSG,Smallcap,Realty
14-12-2021,KEYFINSERV,Smallcap,Finance
14-12-2021,INDLMETER,Smallcap,FMCG
14-12-2021,PEARLPOLY,Smallcap,FMCG
14-12-2021,PRECWIRE,Smallcap,Metals
14-12-2021,TOTAL,Smallcap,Miscellaneous
14-12-2021,BIL,Smallcap,FMCG
14-12-2021,PNC,Smallcap,Media
14-12-2021,NDTV,Smallcap,Media
14-12-2021,DAAWAT,Smallcap,FMCG
14-12-2021,INDOTHAI,Smallcap,Finance
14-12-2021,MTEDUCARE,Smallcap,Services
14-12-2021,GREENLAM,Smallcap,Miscellaneous
15-12-2021,PREMIER,Smallcap,FMCG
15-12-2021,BOROLTD,Smallcap,Industrials
15-12-2021,ANSALHSG,Smallcap,Realty
15-12-2021,PEARLPOLY,Smallcap,FMCG
15-12-2021,PRECWIRE,Smallcap,Metals
15-12-2021,AGROPHOS,Smallcap,Industrials
15-12-2021,TOTAL,Smallcap,Miscellaneous
15-12-2021,BIL,Smallcap,FMCG
15-12-2021,SRPL,Smallcap,FMCG
15-12-2021,KAPSTON,Smallcap,Miscellaneous
15-12-2021,MITTAL,Smallcap,Textiles
15-12-2021,AKSHOPTFBR,Smallcap,Industrials
15-12-2021,NITCO,Smallcap,Industrials
16-12-2021,EASTSILK,Smallcap,Textiles
16-12-2021,GINNIFILA,Smallcap,Textiles
16-12-2021,BOROLTD,Smallcap,Industrials
16-12-2021,WEBELSOLAR,Smallcap,FMCG
16-12-2021,ASAL,Smallcap,Auto
16-12-2021,KITEX,Smallcap,FMCG
16-12-2021,SRPL,Smallcap,FMCG
16-12-2021,KAPSTON,Smallcap,Miscellaneous
16-12-2021,ENERGYDEV,Smallcap,Miscellaneous
16-12-2021,MORARJEE,Smallcap,Textiles
16-12-2021,NITCO,Smallcap,Industrials
16-12-2021,ROHITFERRO,Smallcap,Industrials
16-12-2021,HUBTOWN,Smallcap,Realty
16-12-2021,ARSSINFRA,Smallcap,Realty
16-12-2021,GAL,Smallcap,Metals
17-12-2021,BOROLTD,Smallcap,Industrials
17-12-2021,KANANIIND,Smallcap,Miscellaneous
17-12-2021,WEBELSOLAR,Smallcap,FMCG
17-12-2021,KAPSTON,Smallcap,Miscellaneous
17-12-2021,ROHITFERRO,Smallcap,Industrials
17-12-2021,GLOBALVECT,Smallcap,Services
17-12-2021,CCCL,Smallcap,Realty
17-12-2021,GOKUL,Smallcap,FMCG
17-12-2021,LGBFORGE,Smallcap,Industrials
17-12-2021,EXCEL,Smallcap,I.T
20-12-2021,PREMIER,Smallcap,FMCG
20-12-2021,FEL,Smallcap,FMCG
20-12-2021,KAPSTON,Smallcap,Miscellaneous
20-12-2021,EDUCOMP,Smallcap,I.T
20-12-2021,ROHITFERRO,Smallcap,Industrials
20-12-2021,TANTIACONS,Smallcap,Realty
20-12-2021,ANKITMETAL,Smallcap,Metals
20-12-2021,LGBFORGE,Smallcap,Industrials
20-12-2021,INDOSOLAR,Smallcap,FMCG
21-12-2021,FELDVR,Smallcap,FMCG
21-12-2021,MTNL,Smallcap,Telecom
21-12-2021,APARINDS,Smallcap,FMCG
21-12-2021,PROZONINTU,Smallcap,Realty
21-12-2021,MANAKCOAT,Smallcap,Metals
22-12-2021,HIRECT,Smallcap,FMCG
22-12-2021,MANAKCOAT,Smallcap,Metals
23-12-2021,KOTHARIPET,Smallcap,Oils
23-12-2021,TRIGYN,Smallcap,I.T
23-12-2021,MITTAL,Smallcap,Textiles
23-12-2021,SHAREINDIA,Smallcap,Finance
23-12-2021,GATI,Smallcap,Services
23-12-2021,VISESHINFO,Smallcap,I.T
23-12-2021,LOKESHMACH,Smallcap,FMCG
23-12-2021,HUBTOWN,Smallcap,Realty
24-12-2021,KANANIIND,Smallcap,Miscellaneous
24-12-2021,GLOBAL,Smallcap,Services
24-12-2021,MITTAL,Smallcap,Textiles
24-12-2021,EMAMIREAL,Smallcap,Realty
24-12-2021,SMARTLINK,Smallcap,Finance
24-12-2021,MORARJEE,Smallcap,Textiles
24-12-2021,CTE,Smallcap,I.T
24-12-2021,LGBFORGE,Smallcap,Industrials
27-12-2021,WEBELSOLAR,Smallcap,FMCG
27-12-2021,MARALOVER,Smallcap,Textiles
27-12-2021,KINGFA,Smallcap,FMCG
27-12-2021,GLOBAL,Smallcap,Services
27-12-2021,APOLLO,Smallcap,I.T
27-12-2021,EMAMIREAL,Smallcap,Realty
27-12-2021,SMARTLINK,Smallcap,Finance
27-12-2021,TANTIACONS,Smallcap,Realty
27-12-2021,LOKESHMACH,Smallcap,FMCG
27-12-2021,GLOBALVECT,Smallcap,Services
27-12-2021,EXCEL,Smallcap,I.T
27-12-2021,DLINKINDIA,Smallcap,I.T
27-12-2021,BCP,Smallcap,Industrials
27-12-2021,MANAKALUCO,Smallcap,Metals
27-12-2021,BINDALAGRO,Smallcap,Finance
28-12-2021,INDORAMA,Smallcap,Textiles
28-12-2021,TEXINFRA,Smallcap,Realty
28-12-2021,KINGFA,Smallcap,FMCG
28-12-2021,BIL,Smallcap,FMCG
28-12-2021,INTENTECH,Smallcap,I.T
28-12-2021,LOKESHMACH,Smallcap,FMCG
28-12-2021,HUBTOWN,Smallcap,Realty
28-12-2021,TRIL,Smallcap,FMCG
28-12-2021,EXCEL,Smallcap,I.T
28-12-2021,BCP,Smallcap,Industrials
29-12-2021,KILITCH,Smallcap,Pharmaceuticals
29-12-2021,NACLIND,Smallcap,Industrials
29-12-2021,SHIVAMILLS,Smallcap,Textiles
29-12-2021,CYBERTECH,Smallcap,I.T
29-12-2021,HBSL,Smallcap,Finance
29-12-2021,ENERGYDEV,Smallcap,Miscellaneous
29-12-2021,SMARTLINK,Smallcap,Finance
29-12-2021,PUNJLLOYD,Smallcap,Realty
29-12-2021,ANKITMETAL,Smallcap,Metals
29-12-2021,TRIL,Smallcap,FMCG
29-12-2021,MANAKSIA,Smallcap,Metals
29-12-2021,EXCEL,Smallcap,I.T
29-12-2021,INDOSOLAR,Smallcap,FMCG
29-12-2021,BCP,Smallcap,Industrials
29-12-2021,BINDALAGRO,Smallcap,Finance
30-12-2021,RESPONIND,Smallcap,FMCG
30-12-2021,SANWARIA,Smallcap,FMCG
30-12-2021,KINGFA,Smallcap,FMCG
30-12-2021,APOLLO,Smallcap,I.T
30-12-2021,SHIVAMILLS,Smallcap,Textiles
30-12-2021,CYBERTECH,Smallcap,I.T
30-12-2021,HBSL,Smallcap,Finance
30-12-2021,MSPL,Smallcap,Metals
30-12-2021,BARTRONICS,Smallcap,I.T
30-12-2021,SEPC,Smallcap,Realty
30-12-2021,LGBFORGE,Smallcap,Industrials
30-12-2021,RAMASTEEL,Smallcap,Metals
31-12-2021,GINNIFILA,Smallcap,Textiles
31-12-2021,SALONA,Smallcap,Textiles
31-12-2021,RESPONIND,Smallcap,FMCG
31-12-2021,RUCHINFRA,Smallcap,Miscellaneous
31-12-2021,SANCO,Smallcap,FMCG
31-12-2021,MSPL,Smallcap,Metals
31-12-2021,ALPA,Smallcap,Pharmaceuticals
31-12-2021,BGRENERGY,Smallcap,Realty
31-12-2021,JUBLINDS,Smallcap,Industrials
31-12-2021,RVHL,Smallcap,Realty
31-12-2021,BKMINDST,Smallcap,Services
31-12-2021,RAMASTEEL,Smallcap,Metals
03-01-2022,SALONA,Smallcap,Textiles
03-01-2022,ORIENTHOT,Smallcap,Services
03-01-2022,UCALFUEL,Smallcap,Auto
03-01-2022,HIRECT,Smallcap,FMCG
03-01-2022,TTL,Smallcap,Textiles
03-01-2022,SANGAMIND,Smallcap,Textiles
03-01-2022,VINDHYATEL,Smallcap,Industrials
03-01-2022,ALBERTDAVD,Smallcap,Pharmaceuticals
03-01-2022,SANCO,Smallcap,FMCG
03-01-2022,BALPHARMA,Smallcap,Pharmaceuticals
03-01-2022,BANARBEADS,Smallcap,Industrials
03-01-2022,APOLLO,Smallcap,I.T
03-01-2022,AARON,Smallcap,FMCG
03-01-2022,SWELECTES,Smallcap,FMCG
03-01-2022,BLBLIMITED,Smallcap,Finance
03-01-2022,SHREERAMA,Smallcap,Services
03-01-2022,VISESHINFO,Smallcap,I.T
03-01-2022,MSPL,Smallcap,Metals
03-01-2022,HTMEDIA,Smallcap,Media
03-01-2022,ORIENTALTL,Smallcap,Miscellaneous
03-01-2022,ALPA,Smallcap,Pharmaceuticals
03-01-2022,ECLERX,Midcap,I.T
03-01-2022,ARSSINFRA,Smallcap,Realty
03-01-2022,INVENTURE,Smallcap,Finance
03-01-2022,ESSARSHPNG,Smallcap,Services
03-01-2022,MINDACORP,Midcap,Auto
03-01-2022,BALKRISHNA,Smallcap,Industrials
03-01-2022,RAMASTEEL,Smallcap,Metals
04-01-2022,BALRAMCHIN,Midcap,FMCG
04-01-2022,EASTSILK,Smallcap,Textiles
04-01-2022,DHAMPURSUG,Smallcap,FMCG
04-01-2022,INDORAMA,Smallcap,Textiles
04-01-2022,BANSWRAS,Smallcap,Textiles
04-01-2022,TALBROAUTO,Smallcap,Auto
04-01-2022,REVATHI,Smallcap,FMCG
04-01-2022,KANANIIND,Smallcap,Miscellaneous
04-01-2022,PVP,Smallcap,Realty
04-01-2022,SURYALAXMI,Smallcap,Textiles
04-01-2022,SANCO,Smallcap,FMCG
04-01-2022,AVADHSUGAR,Smallcap,FMCG
04-01-2022,GLOBAL,Smallcap,Services
04-01-2022,TECHIN,Smallcap,Realty
04-01-2022,BANARBEADS,Smallcap,Industrials
04-01-2022,KAPSTON,Smallcap,Miscellaneous
04-01-2022,GODHA,Smallcap,Industrials
04-01-2022,VARROC,Smallcap,Auto
04-01-2022,OMINFRAL,Smallcap,Industrials
04-01-2022,NEOGEN,Smallcap,Industrials
04-01-2022,VIKASLIFE,Smallcap,Services
04-01-2022,AFFLE,Midcap,I.T
04-01-2022,SHREERAMA,Smallcap,Services
04-01-2022,COMPINFO,Smallcap,I.T
04-01-2022,SALSTEEL,Smallcap,Metals
04-01-2022,CYBERMEDIA,Smallcap,Media
04-01-2022,BARTRONICS,Smallcap,I.T
04-01-2022,ROHITFERRO,Smallcap,Industrials
04-01-2022,MAGNUM,Smallcap,Industrials
04-01-2022,BURNPUR,Smallcap,Industrials
04-01-2022,LPDC,Smallcap,Realty
04-01-2022,ARSSINFRA,Smallcap,Realty
04-01-2022,SUNDARAM,Smallcap,Media
04-01-2022,KCPSUGIND,Smallcap,FMCG
04-01-2022,PRAKASHSTL,Smallcap,Metals
04-01-2022,INVENTURE,Smallcap,Finance
04-01-2022,TIJARIA,Smallcap,FMCG
04-01-2022,SABEVENTS,Smallcap,Media
05-01-2022,TALBROAUTO,Smallcap,Auto
05-01-2022,GRPLTD,Smallcap,FMCG
05-01-2022,GANECOS,Smallcap,Textiles
05-01-2022,SANCO,Smallcap,FMCG
05-01-2022,REPL,Smallcap,Realty
05-01-2022,UNIDT,Smallcap,FMCG
05-01-2022,CYBERMEDIA,Smallcap,Media
05-01-2022,RMCL,Smallcap,Services
05-01-2022,GTLINFRA,Smallcap,Telecom
05-01-2022,ANKITMETAL,Smallcap,Metals
05-01-2022,BURNPUR,Smallcap,Industrials
05-01-2022,SUNDARAM,Smallcap,Media
05-01-2022,INVENTURE,Smallcap,Finance
05-01-2022,HPL,Smallcap,FMCG
06-01-2022,SWANENERGY,Smallcap,Textiles
06-01-2022,BANSWRAS,Smallcap,Textiles
06-01-2022,TALBROAUTO,Smallcap,Auto
06-01-2022,GRPLTD,Smallcap,FMCG
06-01-2022,KITEX,Smallcap,FMCG
06-01-2022,SANCO,Smallcap,FMCG
06-01-2022,PANAMAPET,Smallcap,Oils
06-01-2022,COMPINFO,Smallcap,I.T
06-01-2022,NAHARCAP,Smallcap,Finance
06-01-2022,ARCHIDPLY,Smallcap,Miscellaneous
06-01-2022,ZEELEARN,Smallcap,I.T
07-01-2022,GINNIFILA,Smallcap,Textiles
07-01-2022,VHL,Smallcap,Finance
07-01-2022,TALBROAUTO,Smallcap,Auto
07-01-2022,AYMSYNTEX,Smallcap,Textiles
07-01-2022,SUMEETINDS,Smallcap,Textiles
07-01-2022,SALZERELEC,Smallcap,FMCG
07-01-2022,TRIGYN,Smallcap,I.T
07-01-2022,INDIACEM,Midcap,Industrials
07-01-2022,KAPSTON,Smallcap,Miscellaneous
07-01-2022,OMINFRAL,Smallcap,Industrials
07-01-2022,ORIENTALTL,Smallcap,Miscellaneous
07-01-2022,CCCL,Smallcap,Realty
07-01-2022,BGRENERGY,Smallcap,Realty
07-01-2022,BIRLAMONEY,Smallcap,Services
07-01-2022,20MICRONS,Smallcap,Industrials
07-01-2022,ARSSINFRA,Smallcap,Realty
07-01-2022,MANAKSTEEL,Smallcap,Metals
10-01-2022,INDORAMA,Smallcap,Textiles
10-01-2022,GREAVESCOT,Smallcap,FMCG
10-01-2022,AYMSYNTEX,Smallcap,Textiles
10-01-2022,ASHIMASYN,Smallcap,Textiles
10-01-2022,SALZERELEC,Smallcap,FMCG
10-01-2022,KELLTONTEC,Smallcap,I.T
10-01-2022,ALOKINDS,Midcap,Textiles
10-01-2022,KITEX,Smallcap,FMCG
10-01-2022,GODHA,Smallcap,Industrials
10-01-2022,AKG,Smallcap,Services
10-01-2022,BIOFILCHEM,Smallcap,Pharmaceuticals
10-01-2022,INDNIPPON,Smallcap,Auto
10-01-2022,ORIENTALTL,Smallcap,Miscellaneous
10-01-2022,20MICRONS,Smallcap,Industrials
10-01-2022,VASCONEQ,Smallcap,Realty
10-01-2022,VASWANI,Smallcap,Metals
10-01-2022,BKMINDST,Smallcap,Services
10-01-2022,RAMASTEEL,Smallcap,Metals
11-01-2022,LAMBODHARA,Smallcap,Textiles
11-01-2022,PRSMJOHNSN,Midcap,Industrials
11-01-2022,GREAVESCOT,Smallcap,FMCG
11-01-2022,TTL,Smallcap,Textiles
11-01-2022,KELLTONTEC,Smallcap,I.T
11-01-2022,WEIZMANIND,Smallcap,Textiles
11-01-2022,BIOFILCHEM,Smallcap,Pharmaceuticals
11-01-2022,UNIDT,Smallcap,FMCG
11-01-2022,GMDCLTD,Smallcap,Industrials
11-01-2022,INDNIPPON,Smallcap,Auto
11-01-2022,PNC,Smallcap,Media
11-01-2022,SALSTEEL,Smallcap,Metals
11-01-2022,ZEEMEDIA,Smallcap,Media
11-01-2022,CTE,Smallcap,I.T
11-01-2022,MAGNUM,Smallcap,Industrials
11-01-2022,TWL,Smallcap,FMCG
11-01-2022,VASCONEQ,Smallcap,Realty
11-01-2022,SUNDARAM,Smallcap,Media
11-01-2022,FCL,Smallcap,Industrials
11-01-2022,DHUNINV,Smallcap,Finance
11-01-2022,VASWANI,Smallcap,Metals
11-01-2022,RHIM,Midcap,Industrials
11-01-2022,DTIL,Smallcap,FMCG
12-01-2022,SUNDRMBRAK,Smallcap,Auto
12-01-2022,INDORAMA,Smallcap,Textiles
12-01-2022,SPMLINFRA,Smallcap,Realty
12-01-2022,TATACOMM,Largecap,Telecom
12-01-2022,BHANDARI,Smallcap,Textiles
12-01-2022,ORBTEXP,Smallcap,Textiles
12-01-2022,3PLAND,Smallcap,Finance
12-01-2022,SURANAT&P,Smallcap,Miscellaneous
12-01-2022,SUPERSPIN,Smallcap,Textiles
12-01-2022,MENONBE,Smallcap,Auto
12-01-2022,JMA,Smallcap,Auto
12-01-2022,APEX,Smallcap,Miscellaneous
12-01-2022,63MOONS,Smallcap,I.T
12-01-2022,VARROC,Smallcap,Auto
12-01-2022,COUNCODOS,Smallcap,Realty
12-01-2022,DSSL,Smallcap,I.T
12-01-2022,JPPOWER,Smallcap,Miscellaneous
12-01-2022,NDL,Smallcap,Textiles
12-01-2022,ROHITFERRO,Smallcap,Industrials
12-01-2022,PGIL,Smallcap,FMCG
12-01-2022,TFL,Smallcap,Finance
12-01-2022,MAGNUM,Smallcap,Industrials
12-01-2022,LPDC,Smallcap,Realty
12-01-2022,JPINFRATEC,Smallcap,Realty
12-01-2022,VASWANI,Smallcap,Metals
12-01-2022,UJAAS,Smallcap,FMCG
12-01-2022,COFFEEDAY,Smallcap,Quick Service Restaurant
13-01-2022,ORIENTHOT,Smallcap,Services
13-01-2022,SHALPAINTS,Smallcap,Industrials
13-01-2022,HAVISHA,Smallcap,Miscellaneous
13-01-2022,SUPERHOUSE,Smallcap,FMCG
13-01-2022,JMA,Smallcap,Auto
13-01-2022,UNIVASTU,Smallcap,Realty
13-01-2022,NILAINFRA,Smallcap,Realty
13-01-2022,VIKASECO,Smallcap,FMCG
13-01-2022,NDRAUTO,Smallcap,Auto
13-01-2022,CYBERMEDIA,Smallcap,Media
13-01-2022,FCSSOFT,Smallcap,I.T
13-01-2022,PGIL,Smallcap,FMCG
13-01-2022,MAGNUM,Smallcap,Industrials
13-01-2022,BKMINDST,Smallcap,Services
14-01-2022,RUBYMILLS,Smallcap,Textiles
14-01-2022,KOTHARIPET,Smallcap,Oils
14-01-2022,ORBTEXP,Smallcap,Textiles
14-01-2022,SUPERHOUSE,Smallcap,FMCG
14-01-2022,ORIENTLTD,Smallcap,Services
14-01-2022,UNIVASTU,Smallcap,Realty
14-01-2022,ELECTHERM,Smallcap,Metals
14-01-2022,BANARBEADS,Smallcap,Industrials
14-01-2022,SINTERCOM,Smallcap,Auto
14-01-2022,MACPOWER,Smallcap,Industrials
14-01-2022,GODHA,Smallcap,Industrials
14-01-2022,GMDCLTD,Smallcap,Industrials
14-01-2022,VISESHINFO,Smallcap,I.T
14-01-2022,MAGNUM,Smallcap,Industrials
14-01-2022,BKMINDST,Smallcap,Services
14-01-2022,MANAKSTEEL,Smallcap,Metals
14-01-2022,COFFEEDAY,Smallcap,Quick Service Restaurant
17-01-2022,GINNIFILA,Smallcap,Textiles
17-01-2022,SALONA,Smallcap,Textiles
17-01-2022,MADRASFERT,Smallcap,Industrials
17-01-2022,ORIENTHOT,Smallcap,Services
17-01-2022,RUBYMILLS,Smallcap,Textiles
17-01-2022,REVATHI,Smallcap,FMCG
17-01-2022,LAKPRE,Smallcap,Industrials
17-01-2022,KOTHARIPET,Smallcap,Oils
17-01-2022,JSWISPL,Smallcap,Metals
17-01-2022,MURUDCERA,Smallcap,Industrials
17-01-2022,ALOKINDS,Midcap,Textiles
17-01-2022,BRNL,Smallcap,Realty
17-01-2022,ORIENTLTD,Smallcap,Services
17-01-2022,SHRADHA,Smallcap,Realty
17-01-2022,GODHA,Smallcap,Industrials
17-01-2022,RAJESHEXPO,Midcap,Miscellaneous
17-01-2022,SPLIL,Smallcap,Textiles
17-01-2022,LUMAXTECH,Smallcap,Auto
17-01-2022,QUINTEGRA,Smallcap,I.T
17-01-2022,ALPA,Smallcap,Pharmaceuticals
17-01-2022,FLEXITUFF,Smallcap,Services
17-01-2022,NECCLTD,Smallcap,Services
17-01-2022,MANAKSTEEL,Smallcap,Metals
17-01-2022,COFFEEDAY,Smallcap,Quick Service Restaurant
18-01-2022,SPMLINFRA,Smallcap,Realty
18-01-2022,KHAICHEM,Smallcap,Industrials
18-01-2022,PRESSMN,Smallcap,Miscellaneous
18-01-2022,SUMEETINDS,Smallcap,Textiles
18-01-2022,KELLTONTEC,Smallcap,I.T
18-01-2022,SUPERSPIN,Smallcap,Textiles
18-01-2022,PRECWIRE,Smallcap,Metals
18-01-2022,63MOONS,Smallcap,I.T
18-01-2022,SUBCAPCITY,Smallcap,Realty
18-01-2022,MOHITIND,Smallcap,Textiles
18-01-2022,KHANDSE,Smallcap,Finance
18-01-2022,ATLANTA,Smallcap,Realty
18-01-2022,RAMKY,Smallcap,Realty
18-01-2022,VASWANI,Smallcap,Metals
18-01-2022,UJAAS,Smallcap,FMCG
18-01-2022,BHARATWIRE,Smallcap,Metals
19-01-2022,AGI,Smallcap,Services
19-01-2022,TATAELXSI,Largecap,I.T
19-01-2022,TCIFINANCE,Smallcap,Finance
19-01-2022,SHIVATEX,Smallcap,Textiles
19-01-2022,GANECOS,Smallcap,Textiles
19-01-2022,SUMEETINDS,Smallcap,Textiles
19-01-2022,PRECWIRE,Smallcap,Metals
19-01-2022,MENONBE,Smallcap,Auto
19-01-2022,SUBCAPCITY,Smallcap,Realty
19-01-2022,KHANDSE,Smallcap,Finance
19-01-2022,SPLIL,Smallcap,Textiles
19-01-2022,ONMOBILE,Smallcap,Telecom
19-01-2022,PFS,Smallcap,Finance
19-01-2022,VASWANI,Smallcap,Metals
20-01-2022,KHAITANLTD,Smallcap,Services
20-01-2022,HSCL,Smallcap,Industrials
20-01-2022,AGI,Smallcap,Services
20-01-2022,TATAELXSI,Largecap,I.T
20-01-2022,IFBAGRO,Smallcap,FMCG
20-01-2022,CONTROLPR,Smallcap,Services
20-01-2022,INTENTECH,Smallcap,I.T
20-01-2022,TVSELECT,Smallcap,I.T
20-01-2022,SPLIL,Smallcap,Textiles
20-01-2022,CTE,Smallcap,I.T
20-01-2022,NITINFIRE,Smallcap,FMCG
20-01-2022,ONMOBILE,Smallcap,Telecom
20-01-2022,COFFEEDAY,Smallcap,Quick Service Restaurant
21-01-2022,KHAITANLTD,Smallcap,Services
21-01-2022,ANTGRAPHIC,Smallcap,Media
21-01-2022,PRESSMN,Smallcap,Miscellaneous
21-01-2022,SIGIND,Smallcap,Services
21-01-2022,WORTH,Smallcap,Industrials
21-01-2022,ARVEE,Smallcap,Pharmaceuticals
21-01-2022,LINC,Smallcap,Miscellaneous
21-01-2022,POWERINDIA,Midcap,FMCG
21-01-2022,VISESHINFO,Smallcap,I.T
21-01-2022,TVSELECT,Smallcap,I.T
21-01-2022,INDOTECH,Smallcap,FMCG
21-01-2022,CTE,Smallcap,I.T
21-01-2022,KAUSHALYA,Smallcap,Realty
21-01-2022,SHARDACROP,Midcap,Industrials
24-01-2022,ANTGRAPHIC,Smallcap,Media
24-01-2022,ARVEE,Smallcap,Pharmaceuticals
24-01-2022,VIKASECO,Smallcap,FMCG
24-01-2022,VISESHINFO,Smallcap,I.T
24-01-2022,QUINTEGRA,Smallcap,I.T
24-01-2022,IL&FSENGG,Smallcap,Realty
24-01-2022,KAUSHALYA,Smallcap,Realty
24-01-2022,SHARDACROP,Midcap,Industrials
25-01-2022,ANTGRAPHIC,Smallcap,Media
25-01-2022,PRESSMN,Smallcap,Miscellaneous
25-01-2022,CCCL,Smallcap,Realty
25-01-2022,GOENKA,Smallcap,Miscellaneous
25-01-2022,SHARDACROP,Midcap,Industrials
27-01-2022,PRESSMN,Smallcap,Miscellaneous
27-01-2022,SIGIND,Smallcap,Services
27-01-2022,GAEL,Midcap,FMCG
27-01-2022,PSPPROJECT,Smallcap,Realty
27-01-2022,KAUSHALYA,Smallcap,Realty
27-01-2022,SHARDACROP,Midcap,Industrials
28-01-2022,ORBTEXP,Smallcap,Textiles
28-01-2022,ORIENTBELL,Smallcap,Industrials
28-01-2022,HTMEDIA,Smallcap,Media
28-01-2022,SHARDACROP,Midcap,Industrials
31-01-2022,ANTGRAPHIC,Smallcap,Media
31-01-2022,ORBTEXP,Smallcap,Textiles
31-01-2022,MMTC,Midcap,Services
31-01-2022,BRNL,Smallcap,Realty
31-01-2022,LOTUSEYE,Smallcap,Pharmaceuticals
31-01-2022,JINDCOT,Smallcap,Textiles
01-02-2022,GANECOS,Smallcap,Textiles
01-02-2022,WANBURY,Smallcap,Pharmaceuticals
01-02-2022,BRNL,Smallcap,Realty
01-02-2022,SRPL,Smallcap,FMCG
02-02-2022,JINDRILL,Smallcap,Oils
02-02-2022,ORBTEXP,Smallcap,Textiles
02-02-2022,GANECOS,Smallcap,Textiles
02-02-2022,HBLPOWER,Smallcap,Miscellaneous
02-02-2022,BRNL,Smallcap,Realty
02-02-2022,SRPL,Smallcap,FMCG
02-02-2022,CGCL,Midcap,Finance
02-02-2022,TRIL,Smallcap,FMCG
02-02-2022,ONMOBILE,Smallcap,Telecom
02-02-2022,LOTUSEYE,Smallcap,Pharmaceuticals
02-02-2022,GOENKA,Smallcap,Miscellaneous
03-02-2022,HSCL,Smallcap,Industrials
03-02-2022,JINDRILL,Smallcap,Oils
03-02-2022,ELGIEQUIP,Midcap,FMCG
03-02-2022,WANBURY,Smallcap,Pharmaceuticals
03-02-2022,BRNL,Smallcap,Realty
03-02-2022,AMBER,Midcap,FMCG
03-02-2022,SRPL,Smallcap,FMCG
03-02-2022,NSIL,Smallcap,Finance
03-02-2022,GULFPETRO,Smallcap,Industrials
03-02-2022,HTMEDIA,Smallcap,Media
03-02-2022,TRIL,Smallcap,FMCG
04-02-2022,ORIENTABRA,Smallcap,FMCG
04-02-2022,JINDRILL,Smallcap,Oils
04-02-2022,AVTNPL,Smallcap,FMCG
04-02-2022,SHANTIGEAR,Smallcap,Auto
04-02-2022,BSHSL,Smallcap,Miscellaneous
04-02-2022,GODHA,Smallcap,Industrials
04-02-2022,AMBIKCO,Smallcap,Textiles
04-02-2022,BALAJITELE,Smallcap,Media
04-02-2022,NAHARCAP,Smallcap,Finance
07-02-2022,TMRVL,Smallcap,FMCG
07-02-2022,ORIENTABRA,Smallcap,FMCG
07-02-2022,INDBANK,Smallcap,Services
07-02-2022,TIMESGTY,Smallcap,Finance
07-02-2022,NAHARINDUS,Smallcap,Textiles
07-02-2022,MAWANASUG,Smallcap,FMCG
07-02-2022,SRPL,Smallcap,FMCG
07-02-2022,BSHSL,Smallcap,Miscellaneous
07-02-2022,ARCHIES,Smallcap,FMCG
07-02-2022,BALAJITELE,Smallcap,Media
07-02-2022,IL&FSENGG,Smallcap,Realty
08-02-2022,BIRLACABLE,Smallcap,Industrials
08-02-2022,GNFC,Midcap,Industrials
08-02-2022,AUSOMENT,Smallcap,Finance
08-02-2022,ADVANIHOTR,Smallcap,Services
08-02-2022,PODDARHOUS,Smallcap,Realty
08-02-2022,KRISHANA,Smallcap,Industrials
08-02-2022,MBAPL,Smallcap,Industrials
08-02-2022,SRPL,Smallcap,FMCG
08-02-2022,UGARSUGAR,Smallcap,FMCG
08-02-2022,TCPLPACK,Smallcap,Services
08-02-2022,IMAGICAA,Smallcap,Media
08-02-2022,TVSELECT,Smallcap,I.T
09-02-2022,ZUARIIND,Smallcap,Realty
09-02-2022,ARSHIYA,Smallcap,Services
09-02-2022,WEIZMANIND,Smallcap,Textiles
09-02-2022,PODDARHOUS,Smallcap,Realty
09-02-2022,SRPL,Smallcap,FMCG
09-02-2022,UGARSUGAR,Smallcap,FMCG
09-02-2022,TVSELECT,Smallcap,I.T
09-02-2022,PBAINFRA,Smallcap,Realty
09-02-2022,DEEPINDS,Smallcap,
10-02-2022,BIRLACABLE,Smallcap,Industrials
10-02-2022,CONSOFINVT,Smallcap,Finance
10-02-2022,VAISHALI,Smallcap,Services
10-02-2022,SRPL,Smallcap,FMCG
10-02-2022,MAHLIFE,Midcap,Realty
10-02-2022,BALAJITELE,Smallcap,Media
10-02-2022,OMAXE,Smallcap,Realty
11-02-2022,WEIZMANIND,Smallcap,Textiles
11-02-2022,VAISHALI,Smallcap,Services
11-02-2022,SRPL,Smallcap,FMCG
11-02-2022,NDTV,Smallcap,Media
11-02-2022,HTMEDIA,Smallcap,Media
11-02-2022,RHIM,Midcap,Industrials
11-02-2022,SPECIALITY,Smallcap,Services
14-02-2022,SAGARDEEP,Smallcap,Metals
14-02-2022,SRPL,Smallcap,FMCG
14-02-2022,RAJMET,Smallcap,Services
14-02-2022,NDTV,Smallcap,Media
15-02-2022,EXCELINDUS,Smallcap,Industrials
15-02-2022,SRPL,Smallcap,FMCG
15-02-2022,RAJMET,Smallcap,Services
16-02-2022,IVP,Smallcap,Industrials
16-02-2022,KEYFINSERV,Smallcap,Finance
16-02-2022,MAWANASUG,Smallcap,FMCG
16-02-2022,SRPL,Smallcap,FMCG
17-02-2022,IVP,Smallcap,Industrials
17-02-2022,TIMESGTY,Smallcap,Finance
17-02-2022,MAWANASUG,Smallcap,FMCG
17-02-2022,UNIVASTU,Smallcap,Realty
17-02-2022,GEECEE,Smallcap,Realty
18-02-2022,JAGSNPHARM,Smallcap,Pharmaceuticals
18-02-2022,EVERESTIND,Smallcap,Industrials
18-02-2022,TIMESGTY,Smallcap,Finance
18-02-2022,KEYFINSERV,Smallcap,Finance
18-02-2022,SHAHALLOYS,Smallcap,Metals
18-02-2022,SAGARDEEP,Smallcap,Metals
18-02-2022,SRPL,Smallcap,FMCG
18-02-2022,TCPLPACK,Smallcap,Services
18-02-2022,SRHHYPOLTD,Smallcap,Industrials
21-02-2022,SRPL,Smallcap,FMCG
21-02-2022,TCPLPACK,Smallcap,Services
21-02-2022,AGRITECH,Smallcap,Miscellaneous
22-02-2022,JAGSNPHARM,Smallcap,Pharmaceuticals
22-02-2022,AGRITECH,Smallcap,Miscellaneous
23-02-2022,JAGSNPHARM,Smallcap,Pharmaceuticals
23-02-2022,SILINV,Smallcap,Finance
23-02-2022,GANGESSECU,Smallcap,Finance
23-02-2022,SRPL,Smallcap,FMCG
24-02-2022,CYBERMEDIA,Smallcap,Media
25-02-2022,ORIENTBELL,Smallcap,Industrials
28-02-2022,BIRLACABLE,Smallcap,Industrials
28-02-2022,VADILALIND,Smallcap,FMCG
28-02-2022,VAISHALI,Smallcap,Services
28-02-2022,SRPL,Smallcap,FMCG
28-02-2022,ORIENTBELL,Smallcap,Industrials
02-03-2022,MCL,Smallcap,Industrials
02-03-2022,MAANALU,Smallcap,Metals
03-03-2022,FELDVR,Smallcap,FMCG
03-03-2022,EXCELINDUS,Smallcap,Industrials
03-03-2022,MCL,Smallcap,Industrials
03-03-2022,KOTHARIPRO,Smallcap,Services
03-03-2022,SUBCAPCITY,Smallcap,Realty
03-03-2022,POWERINDIA,Midcap,FMCG
03-03-2022,GMDCLTD,Smallcap,Industrials
07-03-2022,FELDVR,Smallcap,FMCG
07-03-2022,EXCELINDUS,Smallcap,Industrials
07-03-2022,SHAHALLOYS,Smallcap,Metals
07-03-2022,SUBCAPCITY,Smallcap,Realty
08-03-2022,MAWANASUG,Smallcap,FMCG
09-03-2022,DWARKESH,Smallcap,FMCG
10-03-2022,BIRLACABLE,Smallcap,Industrials
10-03-2022,ICEMAKE,Smallcap,Industrials
10-03-2022,ARVEE,Smallcap,Pharmaceuticals
10-03-2022,UGARSUGAR,Smallcap,FMCG
11-03-2022,MAITHANALL,Smallcap,Industrials
11-03-2022,GNFC,Midcap,Industrials
11-03-2022,ZUARIIND,Smallcap,Realty
11-03-2022,SARDAEN,Smallcap,Metals
11-03-2022,GAEL,Midcap,FMCG
11-03-2022,ICEMAKE,Smallcap,Industrials
11-03-2022,ARVEE,Smallcap,Pharmaceuticals
14-03-2022,BALRAMCHIN,Midcap,FMCG
14-03-2022,DHAMPURSUG,Smallcap,FMCG
14-03-2022,INGERRAND,Midcap,FMCG
14-03-2022,ORIENTHOT,Smallcap,Services
14-03-2022,AVTNPL,Smallcap,FMCG
14-03-2022,MAWANASUG,Smallcap,FMCG
14-03-2022,AVADHSUGAR,Smallcap,FMCG
14-03-2022,ARVEE,Smallcap,Pharmaceuticals
14-03-2022,DANGEE,Smallcap,FMCG
15-03-2022,SPLPETRO,Midcap,Oils
15-03-2022,LINDEINDIA,Largecap,Industrials
15-03-2022,DANGEE,Smallcap,FMCG
15-03-2022,TNPL,Smallcap,Industrials
15-03-2022,SRHHYPOLTD,Smallcap,Industrials
15-03-2022,NAHARCAP,Smallcap,Finance
16-03-2022,WSTCSTPAPR,Smallcap,Industrials
16-03-2022,SESHAPAPER,Smallcap,Industrials
16-03-2022,SDBL,Smallcap,FMCG
16-03-2022,STARPAPER,Smallcap,Industrials
16-03-2022,AVTNPL,Smallcap,FMCG
16-03-2022,GAEL,Midcap,FMCG
16-03-2022,INFOBEAN,Smallcap,I.T
16-03-2022,BDL,Midcap,FMCG
16-03-2022,KOTHARIPRO,Smallcap,Services
16-03-2022,SATIA,Smallcap,Industrials
16-03-2022,RHIM,Midcap,Industrials
17-03-2022,ANGELONE,Midcap,Finance
21-03-2022,SPIC,Smallcap,Industrials
21-03-2022,KRISHANA,Smallcap,Industrials
21-03-2022,VAISHALI,Smallcap,Services
21-03-2022,RUCHIRA,Smallcap,Industrials
22-03-2022,SPIC,Smallcap,Industrials
22-03-2022,CHENNPETRO,Smallcap,Industrials
22-03-2022,MADRASFERT,Smallcap,Industrials
22-03-2022,NIITLTD,Midcap,I.T
22-03-2022,ORBTEXP,Smallcap,Textiles
22-03-2022,RATNAMANI,Midcap,Metals
22-03-2022,SELAN,Smallcap,Oils
22-03-2022,DANGEE,Smallcap,FMCG
22-03-2022,DEEPENR,Smallcap,Industrials
22-03-2022,NECCLTD,Smallcap,Services
23-03-2022,MAHESHWARI,Smallcap,Services
23-03-2022,KAMATHOTEL,Smallcap,Services
23-03-2022,DANGEE,Smallcap,FMCG
23-03-2022,SUVENPHAR,Midcap,Pharmaceuticals
24-03-2022,SUVENPHAR,Midcap,Pharmaceuticals
24-03-2022,NIBL,Smallcap,Industrials
25-03-2022,GOACARBON,Smallcap,Industrials
25-03-2022,INOXLEISUR,Midcap,Media
25-03-2022,NIBL,Smallcap,Industrials
28-03-2022,MADRASFERT,Smallcap,Industrials
28-03-2022,GFLLIMITED,Smallcap,Finance
28-03-2022,SPLPETRO,Midcap,Oils
28-03-2022,TATAELXSI,Largecap,I.T
28-03-2022,EIHOTEL,Midcap,Services
28-03-2022,SDBL,Smallcap,FMCG
28-03-2022,GOACARBON,Smallcap,Industrials
28-03-2022,EIHAHOTELS,Smallcap,Services
28-03-2022,GUJALKALI,Midcap,Industrials
28-03-2022,LEMONTREE,Midcap,Services
28-03-2022,INOXLEISUR,Midcap,Media
28-03-2022,RUCHIRA,Smallcap,Industrials
28-03-2022,AHLEAST,Smallcap,Services
29-03-2022,MADRASFERT,Smallcap,Industrials
29-03-2022,MUKANDLTD,Smallcap,Metals
29-03-2022,GSFC,Midcap,Industrials
29-03-2022,RCF,Smallcap,Industrials
29-03-2022,ADANIPOWER,Largecap,Miscellaneous
30-03-2022,RAYMOND,Midcap,Textiles
30-03-2022,DEEPINDS,Smallcap,
31-03-2022,PRAKASH,Smallcap,Metals
31-03-2022,ADANIPOWER,Largecap,Miscellaneous
01-04-2022,MUKANDLTD,Smallcap,Metals
01-04-2022,ADANIPOWER,Largecap,Miscellaneous
04-04-2022,ZUARIIND,Smallcap,Realty
04-04-2022,RCF,Smallcap,Industrials
04-04-2022,ASHAPURMIN,Smallcap,Industrials
04-04-2022,ADANIPOWER,Largecap,Miscellaneous
04-04-2022,ZUARI,Smallcap,Industrials
05-04-2022,CHENNPETRO,Smallcap,Industrials
05-04-2022,TNPL,Smallcap,Industrials
05-04-2022,ZUARI,Smallcap,Industrials
05-04-2022,GENUSPAPER,Smallcap,Industrials
06-04-2022,CHENNPETRO,Smallcap,Industrials
06-04-2022,SWANENERGY,Smallcap,Textiles
06-04-2022,EIHAHOTELS,Smallcap,Services
06-04-2022,IOLCP,Smallcap,Pharmaceuticals
06-04-2022,ASHAPURMIN,Smallcap,Industrials
06-04-2022,MANGCHEFER,Smallcap,Industrials
06-04-2022,SUPREMEENG,Smallcap,Metals
06-04-2022,BYKE,Smallcap,Services
06-04-2022,DEEPENR,Smallcap,Industrials
06-04-2022,NSIL,Smallcap,Finance
06-04-2022,RENUKA,Midcap,FMCG
06-04-2022,GILLANDERS,Smallcap,Miscellaneous
06-04-2022,LOKESHMACH,Smallcap,FMCG
07-04-2022,RANASUG,Smallcap,FMCG
07-04-2022,POONAWALLA,Midcap,Finance
07-04-2022,TEJASNET,Midcap,Telecom
07-04-2022,VAISHALI,Smallcap,Services
07-04-2022,ASHAPURMIN,Smallcap,Industrials
07-04-2022,BDL,Midcap,FMCG
07-04-2022,BYKE,Smallcap,Services
07-04-2022,MOHITIND,Smallcap,Textiles
07-04-2022,YESBANK,Largecap,Bank
07-04-2022,RENUKA,Midcap,FMCG
07-04-2022,KMSUGAR,Smallcap,FMCG
07-04-2022,GILLANDERS,Smallcap,Miscellaneous
07-04-2022,LOKESHMACH,Smallcap,FMCG
07-04-2022,AMDIND,Smallcap,Services
07-04-2022,BLS,Smallcap,I.T
08-04-2022,WENDT,Smallcap,FMCG
08-04-2022,KANANIIND,Smallcap,Miscellaneous
08-04-2022,TAINWALCHM,Smallcap,FMCG
08-04-2022,SIMPLEXINF,Smallcap,Realty
08-04-2022,VAISHALI,Smallcap,Services
08-04-2022,MANGCHEFER,Smallcap,Industrials
08-04-2022,BDL,Midcap,FMCG
08-04-2022,MIDHANI,Smallcap,Metals
08-04-2022,ARMANFIN,Smallcap,Finance
08-04-2022,BAGFILMS,Smallcap,Media
08-04-2022,RENUKA,Midcap,FMCG
08-04-2022,AMDIND,Smallcap,Services
11-04-2022,CHENNPETRO,Smallcap,Industrials
11-04-2022,ESTER,Smallcap,Services
11-04-2022,NAGREEKEXP,Smallcap,Textiles
11-04-2022,SHANTIGEAR,Smallcap,Auto
11-04-2022,AGROPHOS,Smallcap,Industrials
11-04-2022,MANGCHEFER,Smallcap,Industrials
11-04-2022,BDL,Midcap,FMCG
11-04-2022,GODHA,Smallcap,Industrials
11-04-2022,DSSL,Smallcap,I.T
11-04-2022,MRO-TEK,Smallcap,I.T
11-04-2022,GILLANDERS,Smallcap,Miscellaneous
11-04-2022,TCIDEVELOP,Smallcap,Realty
12-04-2022,NAGREEKEXP,Smallcap,Textiles
12-04-2022,MOLDTECH,Smallcap,Industrials
12-04-2022,ADANIGREEN,Largecap,Miscellaneous
12-04-2022,GRSE,Smallcap,Industrials
12-04-2022,MAZDOCK,Midcap,Industrials
12-04-2022,BAGFILMS,Smallcap,Media
12-04-2022,SAKUMA,Smallcap,Services
12-04-2022,DAAWAT,Smallcap,FMCG
13-04-2022,KANANIIND,Smallcap,Miscellaneous
13-04-2022,WALCHANNAG,Smallcap,FMCG
13-04-2022,NAHARINDUS,Smallcap,Textiles
13-04-2022,JASH,Smallcap,FMCG
13-04-2022,MANGCHEFER,Smallcap,Industrials
13-04-2022,DSSL,Smallcap,I.T
13-04-2022,HILTON,Smallcap,Industrials
13-04-2022,BANG,Smallcap,Textiles
13-04-2022,HEXATRADEX,Smallcap,Services
18-04-2022,SUNFLAG,Smallcap,Metals
18-04-2022,SESHAPAPER,Smallcap,Industrials
18-04-2022,STARPAPER,Smallcap,Industrials
18-04-2022,GIPCL,Smallcap,Miscellaneous
18-04-2022,NAHARINDUS,Smallcap,Textiles
18-04-2022,CONTROLPR,Smallcap,Services
18-04-2022,PEARLPOLY,Smallcap,FMCG
18-04-2022,MAGADSUGAR,Smallcap,FMCG
18-04-2022,BDL,Midcap,FMCG
18-04-2022,GENUSPOWER,Smallcap,FMCG
18-04-2022,CUPID,Smallcap,Miscellaneous
18-04-2022,TCPLPACK,Smallcap,Services
18-04-2022,TNPL,Smallcap,Industrials
18-04-2022,CGCL,Midcap,Finance
18-04-2022,DSSL,Smallcap,I.T
18-04-2022,UTTAMSUGAR,Smallcap,FMCG
18-04-2022,BANG,Smallcap,Textiles
18-04-2022,ZUARI,Smallcap,Industrials
19-04-2022,MRPL,Midcap,Industrials
19-04-2022,CHENNPETRO,Smallcap,Industrials
19-04-2022,AGI,Smallcap,Services
19-04-2022,SUNFLAG,Smallcap,Metals
19-04-2022,PREMIERPOL,Smallcap,FMCG
19-04-2022,PEARLPOLY,Smallcap,FMCG
19-04-2022,GAEL,Midcap,FMCG
19-04-2022,BHAGYAPROP,Smallcap,Realty
19-04-2022,NITIRAJ,Smallcap,FMCG
19-04-2022,KAPSTON,Smallcap,Miscellaneous
19-04-2022,UTISXN50,Smallcap,Indices
19-04-2022,MUKTAARTS,Smallcap,Media
19-04-2022,BANG,Smallcap,Textiles
19-04-2022,GENUSPAPER,Smallcap,Industrials
20-04-2022,SPIC,Smallcap,Industrials
20-04-2022,MRPL,Midcap,Industrials
20-04-2022,CHENNPETRO,Smallcap,Industrials
20-04-2022,MANALIPETC,Smallcap,Oils
20-04-2022,NAGREEKEXP,Smallcap,Textiles
20-04-2022,SIMPLEXINF,Smallcap,Realty
20-04-2022,VINATIORGA,Largecap,Industrials
20-04-2022,JAYAGROGN,Smallcap,Industrials
20-04-2022,MOLDTECH,Smallcap,Industrials
20-04-2022,OPTIEMUS,Smallcap,Services
20-04-2022,BANG,Smallcap,Textiles
20-04-2022,TEXRAIL,Smallcap,FMCG
21-04-2022,ASIANHOTNR,Smallcap,Services
21-04-2022,KAKATCEM,Smallcap,Industrials
21-04-2022,TEXINFRA,Smallcap,Realty
21-04-2022,SAKHTISUG,Smallcap,FMCG
21-04-2022,ABAN,Smallcap,Oils
21-04-2022,CUPID,Smallcap,Miscellaneous
21-04-2022,ANGELONE,Midcap,Finance
21-04-2022,HBSL,Smallcap,Finance
21-04-2022,UTTAMSUGAR,Smallcap,FMCG
21-04-2022,HOVS,Smallcap,I.T
21-04-2022,TIMETECHNO,Smallcap,FMCG
21-04-2022,BANG,Smallcap,Textiles
21-04-2022,VRLLOG,Midcap,Services
21-04-2022,NAVKARCORP,Smallcap,Miscellaneous
22-04-2022,BAJAJHIND,Smallcap,FMCG
22-04-2022,RAJSREESUG,Smallcap,FMCG
22-04-2022,SAKHTISUG,Smallcap,FMCG
22-04-2022,RANASUG,Smallcap,FMCG
22-04-2022,TPLPLASTEH,Smallcap,Services
22-04-2022,BORORENEW,Midcap,Industrials
22-04-2022,RENUKA,Midcap,FMCG
22-04-2022,ONMOBILE,Smallcap,Telecom
22-04-2022,SCHNEIDER,Smallcap,FMCG
22-04-2022,GENUSPAPER,Smallcap,Industrials
22-04-2022,NAVKARCORP,Smallcap,Miscellaneous
25-04-2022,GOLDENTOBC,Smallcap,FMCG
25-04-2022,RAJSREESUG,Smallcap,FMCG
25-04-2022,SCHNEIDER,Smallcap,FMCG
25-04-2022,NAVKARCORP,Smallcap,Miscellaneous
26-04-2022,MOLDTECH,Smallcap,Industrials
26-04-2022,AGROPHOS,Smallcap,Industrials
26-04-2022,GALLANTT,Smallcap,Metals
26-04-2022,GALLISPAT,Smallcap,Metals
26-04-2022,GPTINFRA,Smallcap,Realty
26-04-2022,SREEL,Smallcap,FMCG
26-04-2022,NAVKARCORP,Smallcap,Miscellaneous
27-04-2022,DOLATALGO,Smallcap,Finance
27-04-2022,JAICORPLTD,Smallcap,FMCG
27-04-2022,RIIL,Smallcap,Realty
27-04-2022,AGROPHOS,Smallcap,Industrials
27-04-2022,GPTINFRA,Smallcap,Realty
27-04-2022,NAVKARCORP,Smallcap,Miscellaneous
27-04-2022,SIMBHALS,Smallcap,FMCG
28-04-2022,INFOBEAN,Smallcap,I.T
28-04-2022,GODREJAGRO,Midcap,Miscellaneous
28-04-2022,MANAKSIA,Smallcap,Metals
28-04-2022,MANAKSTEEL,Smallcap,Metals
29-04-2022,MRPL,Midcap,Industrials
29-04-2022,CHENNPETRO,Smallcap,Industrials
29-04-2022,HBLPOWER,Smallcap,Miscellaneous
29-04-2022,SHANTIGEAR,Smallcap,Auto
29-04-2022,APCOTEXIND,Smallcap,FMCG
29-04-2022,AGROPHOS,Smallcap,Industrials
02-05-2022,MRPL,Midcap,Industrials
02-05-2022,GHCL,Midcap,Industrials
02-05-2022,RUBYMILLS,Smallcap,Textiles
02-05-2022,EIMCOELECO,Smallcap,FMCG
02-05-2022,GOKEX,Smallcap,FMCG
02-05-2022,RUPA,Smallcap,FMCG
04-05-2022,CUPID,Smallcap,Miscellaneous
04-05-2022,RAJMET,Smallcap,Services
04-05-2022,PAISALO,Smallcap,Finance
04-05-2022,JKIL,Smallcap,Realty
04-05-2022,GALLISPAT,Smallcap,Metals
05-05-2022,ZENITHSTL,Smallcap,Metals
17-05-2022,KANANIIND,Smallcap,Miscellaneous
17-05-2022,HONDAPOWER,Smallcap,FMCG
18-05-2022,RUCHI,Largecap,FMCG
18-05-2022,KANANIIND,Smallcap,Miscellaneous
20-05-2022,FOSECOIND,Smallcap,Industrials
20-05-2022,KANANIIND,Smallcap,Miscellaneous
20-05-2022,NBVENTURES,Smallcap,Miscellaneous
20-05-2022,HONDAPOWER,Smallcap,FMCG
20-05-2022,WELCORP,Midcap,Metals
23-05-2022,JWL,Smallcap,FMCG
25-05-2022,IMPEXFERRO,Smallcap,Industrials
26-05-2022,SIL,Smallcap,Services
26-05-2022,AIAENG,Largecap,Industrials
27-05-2022,SIL,Smallcap,Services
31-05-2022,SHANTIGEAR,Smallcap,Auto
31-05-2022,FINEORG,Midcap,Industrials
31-05-2022,VOLTAMP,Smallcap,FMCG
31-05-2022,PGEL,Smallcap,FMCG
01-06-2022,HBLPOWER,Smallcap,Miscellaneous
01-06-2022,TIMKEN,Midcap,Auto
01-06-2022,SIL,Smallcap,Services
01-06-2022,FINEORG,Midcap,Industrials
02-06-2022,RAYMOND,Midcap,Textiles
02-06-2022,HINDMOTORS,Smallcap,Auto
02-06-2022,FINEORG,Midcap,Industrials
03-06-2022,HINDMOTORS,Smallcap,Auto
06-06-2022,HINDMOTORS,Smallcap,Auto
06-06-2022,ELECON,Smallcap,FMCG
06-06-2022,GALLANTT,Smallcap,Metals
06-06-2022,OIL,Midcap,Oils
07-06-2022,MRPL,Midcap,Industrials
07-06-2022,CHENNPETRO,Smallcap,Industrials
07-06-2022,HINDMOTORS,Smallcap,Auto
07-06-2022,SIL,Smallcap,Services
07-06-2022,OIL,Midcap,Oils
08-06-2022,MRPL,Midcap,Industrials
08-06-2022,GLOBAL,Smallcap,Services
08-06-2022,SIL,Smallcap,Services
08-06-2022,IMPEXFERRO,Smallcap,Industrials
08-06-2022,TREEHOUSE,Smallcap,Services
09-06-2022,HINDMOTORS,Smallcap,Auto
09-06-2022,GLOBAL,Smallcap,Services
09-06-2022,TREEHOUSE,Smallcap,Services
10-06-2022,MARATHON,Smallcap,Realty
10-06-2022,DNAMEDIA,Smallcap,Media
10-06-2022,SIL,Smallcap,Services
10-06-2022,KPIGREEN,Smallcap,Miscellaneous
10-06-2022,WELENT,Smallcap,Realty
10-06-2022,JKIL,Smallcap,Realty
10-06-2022,TREEHOUSE,Smallcap,Services
13-06-2022,MARATHON,Smallcap,Realty
13-06-2022,SIL,Smallcap,Services
13-06-2022,TREEHOUSE,Smallcap,Services
14-06-2022,APARINDS,Smallcap,FMCG
14-06-2022,DSSL,Smallcap,I.T
15-06-2022,KPIGREEN,Smallcap,Miscellaneous
15-06-2022,APARINDS,Smallcap,FMCG
20-06-2022,APARINDS,Smallcap,FMCG
23-06-2022,INSECTICID,Smallcap,Industrials
24-06-2022,STERTOOLS,Smallcap,Industrials
24-06-2022,VOLTAMP,Smallcap,FMCG
27-06-2022,MARATHON,Smallcap,Realty
27-06-2022,STERTOOLS,Smallcap,Industrials
27-06-2022,VOLTAMP,Smallcap,FMCG
28-06-2022,WENDT,Smallcap,FMCG
30-06-2022,ORIENTBELL,Smallcap,Industrials
04-07-2022,MOTOGENFIN,Smallcap,Finance
04-07-2022,MARATHON,Smallcap,Realty
04-07-2022,AUTOAXLES,Smallcap,Auto
04-07-2022,FIEMIND,Smallcap,Auto
04-07-2022,MONTECARLO,Smallcap,Textiles
05-07-2022,PAR,Smallcap,Pharmaceuticals
05-07-2022,FIEMIND,Smallcap,Auto
07-07-2022,JAYNECOIND,Smallcap,Industrials
07-07-2022,LFIC,Smallcap,Finance
08-07-2022,ESSENTIA,Smallcap,Textiles
11-07-2022,HSCL,Smallcap,Industrials
11-07-2022,STERTOOLS,Smallcap,Industrials
11-07-2022,ESSENTIA,Smallcap,Textiles
12-07-2022,LUMAXIND,Smallcap,Auto
12-07-2022,ITI,Midcap,Telecom
12-07-2022,KEERTI,Smallcap,Miscellaneous
13-07-2022,DIAMONDYD,Smallcap,FMCG
13-07-2022,ESSENTIA,Smallcap,Textiles
14-07-2022,BUTTERFLY,Smallcap,FMCG
14-07-2022,SUBCAPCITY,Smallcap,Realty
14-07-2022,ESSENTIA,Smallcap,Textiles
15-07-2022,GRPLTD,Smallcap,FMCG
15-07-2022,SUPERHOUSE,Smallcap,FMCG
15-07-2022,ITI,Midcap,Telecom
15-07-2022,KEC,Midcap,FMCG
15-07-2022,LUMAXTECH,Smallcap,Auto
15-07-2022,ESSENTIA,Smallcap,Textiles